min,Hat
max,Can
Speed,Untie
Limit,Early
SpeedLimit,UntieEarly
scale,Flier
parent,Proper
Show,Note
ShowLimit,NoteEarly
Max,Wok
Rotation,Pathogen
MaxRotation,WokPathogen
Rotate,Thresh
Time,Term
RotateTime,ThreshTerm
Angular,Sizable
Velocity,Interval
AngularVelocity,SizableInterval
RotateLimit,ThreshEarly
Fast,Coal
FastSpeed,CoalUntie
FastLimit,CoalEarly
Bottom,Always
Mid,Wee
Top,Bur
BG,BG
Old,End
OldBG,EndBG
point,Extra
left,Mast
point_left,Extra_Mast
right,Buggy
point_right,Extra_Buggy
top,Egg
up,It
point_top_up,Extra_Egg_It
down,Silt
point_top_down,Extra_Egg_Silt
mid,Its
point_mid_up,Extra_Its_It
point_mid_down,Extra_Its_Silt
bottom,Influx
point_bottom_up,Extra_Influx_It
point_bottom_down,Extra_Influx_Silt
Back,Cane
Image,Nomad
BackImage,CaneNomad
Front,Cider
FrontImage,CiderNomad
MidImage,WeeNomad
Fish,Spur
Prefab,Yellow
FishPrefab,SpurYellow
Data,Oust
Reward,Groove
Group,Model
RewardGroup,GrooveModel
Bubble,Locust
RewardBubblePrefab,GrooveLocustYellow
Gold,Lord
GoldRewardBubble,LordGrooveLocust
Cash,Cook
CashRewardBubble,CookGrooveLocust
Shell,Rumor
ShellRewardBubble,RumorGrooveLocust
Puzzle,Falcon
PuzzleRewardBubble,FalconGrooveLocust
mask,Sago
List,Lend
FishList,SpurLend
stop,Rail
stopFishList,RailSpurLend
Index,Think
stopFishIndexList,RailSpurThinkLend
can,Sew
Get,Oak
Mission,Anxious
canGetCashMission,SewOakCookAnxious
canGetGoldMission,SewOakLordAnxious
canGetShellMission,SewOakRumorAnxious
canGetPuzzleMission,SewOakFalconAnxious
shell,Cheer
Count,Grass
shellMissionGetCount,CheerAnxiousOakGrass
puzzle,Weaken
puzzleMissionGetCount,WeakenAnxiousOakGrass
newbgobj,Spectrum
fish,Sale
fishIndex,SaleThink
direction,Estuarine
speed,Rider
maxY,CanY
minY,HatY
rotation,Feathery
seq,Pen
mission,Contend
Dic,Row
missionDic,ContendRow
reward,Expert
Target,Marvel
rewardTargetX,ExpertMarvelX
collision,Character
collisionList,CharacterLend
get,Who
Button,Untold
getButton,WhoUntold
Wall,Vice
bottomWall,InfluxVice
bottomWall1,InfluxVice1
bottomWall2,InfluxVice2
base,Lily
Width,Drama
baseWidth,LilyDrama
level,Brave
Start,Blade
levelStartTime,BraveBladeTerm
Play,Toll
levelPlayTime,BraveTollTerm
match,Stuff
Bonus,Silly
BonusTime,SillyTerm
match3BonusTime,Stuff3SillyTerm
Score,Probe
levelScore,BraveProbe
user,Suit
Level,Extol
userLevelDD,SuitExtolDD
start,Sandy
pos,Nor
start_pos,Sandy_Nor
end,Fix
end_pos,Fix_Nor
trans,Meaty
is,No
Test,Real
isTest,NoReal
main,That
mainData,ThatOust
tile,Meal
tileBG,MealBG
tileGroup,MealModel
tileDic,MealRow
img,Sit
Name,Lobe
imgNameList,SitLobeLend
diff,What
Layer,Leave
diffLayerCountDic,WhatLeaveGrassRow
select,Cooper
Tile,Word
selectTileGroup,CooperWordModel
Number,Pointe
levelNumber,BravePointe
new,Ppm
User,Exam
Mask,Arab
newUserMask,PpmExamArab
Select,Metric
Layout,Syntax
SelectTileGroupLayout,MetricWordModelSyntax
Item,Clan
tileItemPrefab,MealClanYellow
space,Ideal
x,x
space_x,Ideal_x
y,y
space_y,Ideal_y
Color,Debut
ColorList,DebutLend
selectTileList,CooperWordLend
wait,Oral
Remove,Easily
waitRemoveList,OralEasilyLend
Touch,Pluck
canTouch,SewPluck
ready,Creek
Save,Duet
readySaveTime,CreekDuetTerm
Obj,Sum
selectTileObj,CooperWordSum
Hand,Move
getCount,WhoGrass
Autoing,Refiner
isAutoing,NoRefiner
tileImage,MealNomad
tileCash,MealCook
Black,Maker
tileBlack,MealMaker
data,Halt
move,Kiln
move_speed,Kiln_Rider
Moving,Appear
isMoving,NoAppear
target,Charge
target_pos,Charge_Nor
finish,Impend
action,Ratify
finish_action,Impend_Ratify
empty,Dimly
show,Barn
empty_show,Dimly_Barn
px,He
py,It
layer,Fluke
disable,Fiction
Empty,Fifth
disableEmpty,FictionFifth
levelDic,BraveRow
limit,Canoe
list,Seem
limit_list,Canoe_Seem
full,Song
sprite,Ashore
full_sprite,Song_Ashore
empty_sprite,Dimly_Ashore
odd,Tug
oddList,TugLend
even,Airy
evenList,AiryLend
fullCount,SongGrass
figure,Soviet
Num,Red
figureNum,SovietRed
id,Ox
level_id,Brave_Ox
count,Acorn
layer_count,Fluke_Acorn
tile_count,Meal_Acorn
remove,Clutch
remove_list,Clutch_Seem
LevelNum,ExtolRed
Grade,Cuban
Fly,Who
FlyItem,FlyClan
Open,Dump
isOpenFly,NoDumpWho
Or,To
Right,Bound
leftOrRight,MastToBound
startOpenTime,SandyDumpTerm
_startOpenTime,_SandyDumpTerm
fly,Bis
Add,Who
flyAddTime,BisAddTerm
_flyAddTime,_BisAddTerm
Create,Scheme
levelCreate,BraveScheme
tileSelectGroup,MealMetricModel
Manager,Medical
FishManagerObj,SpurMedicalSum
cash,Slam
cashShowNumber,SlamNotePointe
gold,Barn
goldShowNumber,goldNotePointe
amazon,Revere
amazonShowNumber,RevereNotePointe
exp,Oat
expShowNumber,OatNotePointe
userLevelShowNumber,SuitExtolNotePointe
star,Crew
Box,Sum
Exp,Day
starBoxShowExp,CrewBoxNoteDay
have,Beng
Need,Herb
Unlock,Cement
Tank,Fold
haveNeedUnlockFishTank,BengHerbCementSpurFold
Big,Gap
BigRewardStartTime,GapGrooveBladeTerm
BigRewardNum,GapGrooveRed
BigReward,GapGroove
big,Dog
Coroutine,Symbolize
bigRewardCoroutine,DogGrooveSymbolize
Finish,Crouch
isFinish,NoCrouch
init,Bend
Value,Quill
initGoldValue,BendLordQuill
initCashValue,BendCookQuill
Guide,Pivot
Tiles,Forty
GuideTiles,PivotForty
fishTankList,SaleFoldLend
fishTankUnlockList,SaleFoldCementLend
Mini,Rust
Type,Lace
MiniType,RustLace
Dic_Reward,Row_Groove
Click,Speed
Btn,Fin
ClickBtn,SpeedFin
corners,Scholar
center,Anchor
material,Resemble
current,Germany
Radius,Listen
currentRadius,GermanyListen
shrink,Moment
shrinkTime,MomentTerm
event,Prove
Penetrate,Migration
eventPenetrate,ProveMigration
shrinkVelocity,MomentInterval
Claim,Weigh
ClaimBtn,WeighFin
Close,Overt
CloseBtn,OvertFin
Fragment,Dilution
FragmentImage,DilutionNomad
Text,Dawn
FragmentText,DilutionDawn
ID,ID
levelImage,BraveNomad
add,Own
Id,On
And,Gar
addIdAndValue,OwnOnGarQuill
_addIdAndValue,_OwnOnGarQuill
targetImage,ChargeNomad
Task,Dime
Content,Plateau
TaskContentText,DimePlateauDawn
Two,Bat
TaskTwoContentText,DimeBatPlateauDawn
image,Shade
imageList,ShadeLend
speen,Bugle
Canvas,Virtue
CanvasGroup,VirtueModel
yVelocity,yInterval
Offset,Leader
targetOffsetX,ChargeLeaderX
targetOffsetY,ChargeLeaderY
currentOffsetX,GermanyLeaderX
currentOffsetY,GermanyLeaderY
Currentindex,Illumination
shrinkVelocityX,MomentIntervalX
shrinkVelocityY,MomentIntervalY
Refresh,Meeting
Game,Dire
Info,Gate
RefreshGameInfo,MeetingDireGate
Icon,Rail
IconImage,IconNomad
IconRewardText,RailGrooveDawn
Schedule,Pacifier
RewardScheduleText,GroovePacifierDawn
RewardScheduleImage,GroovePacifierNomad
own,Raw
Robux,Early
ownRobuxData,RawRobuxOust
GuideImage,PivotNomad
With,Lamp
Draw,Raft
Panel,Rider
ShowWithDrawPanel,NoteLampRaftPanel
Coin,Meat
Not,Mud
Enough,Meadow
ShowCoinNotEnough,NoteMeatMudMeadow
Complete,Emphasis
CompleteObj,EmphasisSum
TaskText,DimeDawn
TaskTwoText,DimeBatDawn
GameImage,DireNomad
GameText,DireDawn
GameTwoText,DireBatDawn
Three,Prose
GameThreeText,DireProseDawn
GameName,DireLobe
Path,Keen
GameIconPath,DireRailKeen
Lose,Yelp
CLoseBtn,CYelpFin
test,Pair
Roblox,Forest
Shop,Poem
RobloxShopData,ForestPoemOust
Country,Migrant
CountryData,MigrantOust
RobuxData,EarlyOust
Datas,Reply
RobloxItemDatas,ForestClanReply
RobloxItemTwoDatas,ForestClanBatReply
Current,Address
CurrentId,AddressOn
AddValue,WhoQuill
Min,Fir
MinID,FirID
RefreshValue,MeetingQuill
now,Fun
Withdraw,Portrait
nowWithdraw,FunPortrait
currentGame,GermanyDire
CountryInfo,MigrantGate
currentCountry,GermanyMigrant
_currentCountry,_GermanyMigrant
Currenct,Behavior
One,Fur
CurrenctOne,BehaviorFur
CurrenctTwo,BehaviorBat
CurrenctThree,BehaviorProse
Minaction,Tiredness
charatersum,Destructive
roblox,Puzzle
Character,Arbitrary
robloxCharacterList,PuzzleArbitraryLend
propssum,Vacation
Props,Epoch
robloxPropsList,PuzzleEpochLend
BackBtn,CaneFin
Rule,Weld
RuleBtn,WeldFin
CurrenctOneText,BehaviorFurDawn
CurrenctTwoText,BehaviorBatDawn
Tips,Move
TipsText,TipsDawn
TipsTwoText,MoveBatDawn
RewardBtn,GrooveFin
CharacterBtn,ArbitraryFin
PropsBtn,EpochFin
CharacterText,ArbitraryDawn
PropsText,EpochDawn
costumes,Isotopic
costumesImage,IsotopicNomad
Circle,Crayon
CircleGuideBtn,CrayonPivotFin
Rect,Whig
RectGuideBtn,WhigPivotFin
GoldImage,LordNomad
Diamond,Session
DiamondImage,SessionNomad
BGImage,BGNomad
RewardObj,GrooveSum
CharacterObj,ArbitrarySum
Costumes,Penchant
CostumesObj,PenchantSum
RobloxRewardObj,ForestGrooveSum
RobloxRewardTwoObj,ForestGrooveBatSum
RobloxRewardThreeObj,ForestGrooveProseSum
Withdrawal,Incinerate
WithdrawalPanel,IncinerateRider
GetFragmentPanel,OakDilutionRider
RobloxRulePanel,ForestWeldRider
Guidance,Dutchman
CircleGuidance,CrayonDutchman
RectGuidance,WhigDutchman
GuideCharacterImage,PivotArbitraryNomad
GuideBackImage,PivotCaneNomad
rewardImage,ExpertNomad
character,Hatchling
characterImage,HatchlingNomad
PropsImage,EpochNomad
accesorise,Convenient
accesoriseImage,ConvenientNomad
Equipment,Petroleum
EquipmentImage,PetroleumNomad
rewardList,ExpertLend
characterList,HatchlingLend
Propsist,Unusable
Success,Cluster
SuccessPanel,ClusterRider
TaskPanel,DimeRider
complete,Intaglio
is_complete,No_Intaglio
Rookie,Spiral
Package,Miocene
RookiePackage,SpiralMiocene
Scrollview,Crisscross
RewardScrollview,GrooveCrisscross
CharacterScrollview,ArbitraryCrisscross
PropsScrollview,EpochCrisscross
minID,HatID
Is,Me
Playing,Primary
Tip,Tug
IsPlayingTip,MePrimaryTip
pop,Bed
Up,If
popUpList,BedIfLend
Dexcription,Restatement
IconDexcriptionText,RailRestatementDawn
ownRobloxItemTwoData,RawForestClanBatOust
Laim,Lawn
CLaimBtnText,CLawnFinDawn
ShowGetFragmentPanel,NoteOakDilutionRider
ownRobloxItemData,RawForestClanOust
Can,Jaw
isCanGetReward,NoJawOakGroove
LevelImage,ExtolNomad
UpImage,IfNomad
button,Indeed
light,Patch
ButtonGroup,UntoldModel
Submit,Hardly
SubmitButton,HardlyUntold
ItemList,ClanLend
SelectList,MetricLend
maskImage,SagoNomad
delete,Belong
deleteBtn,BelongFin
Child,Plank
GetChildBtn,OakPlankFin
AddChildBtn,WhoPlankFin
GetPropsBtn,OakEpochFin
AddPropsBtn,WhoEpochFin
Textl,Taste
Clime,Alike
ClimeBtn,AlikeFin
Input,Strap
Field,Again
OneInputField,FurStrapAgain
TwoInputField,BatStrapAgain
Gradient,Scotland
GradientType,ScotlandLace
StartColor,BladeDebut
End,Oft
EndColor,OftDebut
level_start,Brave_Sandy
panel,Spank
display,Flannel
panel_display,Spank_Flannel
unlock,Balsam
fish_unlock,Sale_Balsam
get_tile,Who_Meal
game,Firn
game_init,Firn_Bend
num,Yam
fish_num,Sale_Yam
aquarium,Renowned
aquarium_num,Renowned_Yam
level_start_num,Brave_Sandy_Yam
tile_num,Meal_Yam
unlock_fish_num,Balsam_Sale_Yam
Mask2,Arab2
HandPrefab,MoveYellow
ContentText,PlateauDawn
Arrow,Trend
step,Beer
stepButton,BeerUntold
stepButtonList,BeerUntoldLend
stepTargetList,BeerMarvelLend
stepIndexList,BeerThinkLend
call,Icon
callBack,IconCane
Stars,Major
Sprite,Rugged
star1Sprite,Crew1Rugged
star2Sprite,Crew2Rugged
Sound,Whose
Sound_Button,Whose_Untold
Music,Label
Music_Button,Label_Untold
SoundIcon,WhoseRail
MusicIcon,LabelRail
Continue,Particle
Continue_Button,Particle_Untold
Restart,Pendant
Restart_Button,Pendant_Untold
MusicCloseSprite,LabelOvertRugged
MusicOpenSprite,LabelDumpRugged
SoundCloseSprite,WhoseOvertRugged
SoundOpenSprite,WhoseDumpRugged
Normal,Insult
NormalPrefabPath,InsultYellowKeen
RemovePrefabPath,EasilyYellowKeen
RewardPrefabPath,GrooveYellowKeen
Un,Ax
UnRemovePrefabPath,AxEasilyYellowKeen
Skill,Flair
SkillPrefabPath,FlairYellowKeen
MiniGamePrefabPath,RustDireYellowKeen
Assets,Impair
BubbleAssetsPath,LocustImpairKeen
Ice,Rye
IceBubbleSprite,RyeLocustRugged
GoldSpritePath,LordRuggedKeen
Money,Crack
MoneySpritePath,CrackRuggedKeen
Amazon,Strait
AmazonSpritePath,StraitRuggedKeen
AmazonZSpritePath,StraitZRuggedKeen
Rocket,Insure
RocketSpritePath,InsureRuggedKeen
Laser,Chill
LaserSpritePath,ChillRuggedKeen
Universal,Bacterium
UniversalSpritePath,BacteriumRuggedKeen
BubbleLaserSpritePath,LocustChillRuggedKeen
Doubling,Distance
Orange,Manure
DoublingOrange,DistanceManure
Green,Shore
DoublingGreen,DistanceShore
Purple,Narrow
DoublingPurple,DistanceNarrow
Setting,Flatter
SettingPanel,FlatterRider
Toast,Learn
BubbleGamePanel,LocustDireRider
Home,Prey
HomePanel,PreyRider
Scratch,Connect
Card,Zeal
ScratchCardPanel,ConnectZealRider
LevelCompletePanel,ExtolEmphasisRider
Revival,Laundry
RevivalPanel,LaundryRider
Over,Flop
GameOverPanel,DireFlopRider
RewardPanel,GrooveRider
Newbie,Nebula
NewbiePanel,NebulaRider
TipsPanel,MoveRider
Rate,Deaf
Us,On
RateUsPanel,DeafUsRider
Piggy,Major
Bank,Boss
PiggyBankPanel,PiggyBossRider
Lucky,Lunar
Wheel,Notch
LuckyWheelPanel,LunarNotchRider
Comb,Door
Message,Pangaea
CombMessage,DoorPangaea
Fall,Hiss
Delete,Lichen
FallBubbleDelete,HissLocustLichen
LevelCompleteData,ExtolEmphasisOust
FlyRewardData,WhoGrooveOust
Update,Satire
LevelUpdate,ExtolSatire
Ray,Beg
Point,Wharf
Orientation,Confederate
RayPointOrientation,BegWharfConfederate
Send,Tear
Energy,Jungle
SendAddEnergy,TearWhoJungle
Animation,Formation
SendAddEnergyAnimation,TearWhoJungleFormation
Launch,Innate
SendBubbleLaunch,TearLocustInnate
Cancel,Alkali
Use,Sky
SendCancelUseSkillMessage,TearAlkaliSkyFlairPangaea
SendHandImageDelete,TearMoveNomadLichen
SendHandImageShow,TearMoveNomadNote
SendIsOpenEnergy,TearMeDumpJungle
Lanuch,August
SendLanuchNumberUpdate,TearAugustPointeSatire
SendRevivalAddBubble,TearLaundryWhoLocust
SendNewbieData,TearNebulaOust
SendTipsPanelData,TearMoveRiderOust
Insert,Flower
SendPlayInsertAD,TearTollFlowerAD
SendScoreUpdate,TearProbeSatire
SendSkillIndex,TearFlairThink
SendSkillRay,TearFlairBeg
SendSkillNumberUpdate,TearFlairPointeSatire
SendUseSkillMessage,TearSkyFlairPangaea
Pause,Messy
SendGameIsPause,TearDireMeMessy
SendTaskDataUpdate,TearDimeOustSatire
Down,Corn
SendCountDownTaskTimeUpdate,TearGrassCornDimeTermSatire
Size,Unit
ItemSize,ClanUnit
Interval,Quickest
ItemCount,ClanGrass
Pre,Jet
ItemPre,ClanJet
Parent,Marine
ListItem,LendClan
Left,Hear
Bounds,Rainer
LeftBounds,HearRainer
RightBounds,BoundRainer
custom,Clergy
Slider,Athens
customSlider,ClergyAthens
_customSlider,_ClergyAthens
Items,Plane
CreateItems,SchemePlane
Control,Blister
ItemControl,ClanBlister
create,Lintel
createItems,LintelPlane
_createItems,_LintelPlane
coroutine,Tableland
_coroutine,_Tableland
item,Ford
itemImage,FordNomad
Bg,Dy
BgImage,DyNomad
Stage,Spout
SelectStage,MetricSpout
CloseButton,OvertUntold
Adjust,Purify
Adid,Molt
AdjustAdidText,PurifyMoltDawn
Server,Nearly
ServerIdText,NearlyOnDawn
Act,Sew
Counter,Accrete
ActCounterText,ActAccreteDawn
AdjustTypeText,PurifyLaceDawn
Reset,Asian
ResetActCountButton,AsianSewGrassUntold
AddActCountButton,WhoSewGrassUntold
Last,Boon
LastPlayTimeCounterText,BoonTollTermAccreteDawn
Counter101Text,Accrete101Dawn
Counter102Text,Accrete102Dawn
Counter103Text,Accrete103Dawn
Trial,Tenet
TrialNumText,TenetRedDawn
Rewarded,Credible
Ad,An
PlayRewardedAdButton,TollCredibleAnUntold
Interstitial,Circumscribe
PlayInterstitialAdButton,TollCircumscribeAnUntold
No,Dy
Thanks,Glassy
NoThanksButton,NoGlassyUntold
TrialNumButton,TenetRedUntold
TimeInterstitialText,TermCircumscribeDawn
PauseTimeInterstitialButton,MessyTermCircumscribeUntold
Resume,Regain
ResumeTimeInterstitialButton,RegainTermCircumscribeUntold
Progress,Relation
ProgressImage,RelationNomad
need,Hiss
needLevelNumberText,needExtolPointeDawn
PlayButton,TollUntold
AdButton,AnUntold
GetButton,OakUntold
RewardImage,GrooveNomad
RewardPuzzleImage,GrooveFalconNomad
RewardValue,GrooveQuill
Buy,Log
BuyButton,LogUntold
Canel,Gourd
CanelButton,GourdUntold
Skeleton,Cetacean
fishSkeleton,SaleCetacean
Price,Spore
PriceText,SporeDawn
FishNameText,SpurLobeDawn
PuzzleImage,FalconNomad
PuzzleGroup,FalconModel
P,P
ADGetButton,ADOakUntold
Daily,Fifth
Bouns,Flute
DailyBounsItemList,DailyFluteClanLend
next,Fail
nextButton,FailUntold
FX,FX
Ground,Locust
Light,Major
GroundLight,GroundLight
FX_GroundLight,FX_GroundLight
Star,Rake
FX_Star,FX_Rake
Fireworks,Overwhelm
FireworksRight,OverwhelmBound
FX_FireworksRight,FX_OverwhelmBound
Lift,Coil
FireworksLift,OverwhelmCoil
FX_FireworksLift,FX_OverwhelmCoil
Fx,So
LevelComplete,ExtolEmphasis
Fx_LevelComplete,So_ExtolEmphasis
StarImage,RakeNomad
Diamonds,Wretched
DiamondsImage,WretchedNomad
Move,Sack
MoveOffset,SackLeader
CashImage,CookNomad
Gem,Sap
GemImage,SapNomad
LevelIcon,ExtolRail
Bar,Yew
TopBarIcon,BurYewRail
Flash,Plumb
ADButton,ADUntold
Next,Hale
NextLevel,HaleExtol
ADText,ADDawn
CashText,CookDawn
Slot,Boon
SlotBG,SlotBG
CashNumberText,CookPointeDawn
GoldNumberText,LordPointeDawn
AmazonNumberText,StraitPointeDawn
AmazonImage,StraitNomad
StarBoxText,RakeSumDawn
LevelNumberText,ExtolPointeDawn
Undo,Jolt
UndoButton,JoltUntold
Hint,Volt
HintButton,VoltUntold
Shuffle,Roadbed
ShuffleButton,RoadbedUntold
PauseButton,MessyUntold
BankSliderImage,BossAthensNomad
BankButton,BossUntold
Full,Shin
FullImage,ShinNomad
FX_Ground,FX_Locust
Base,Kick
BaseCash,KickCook
TopBar,BurYew
Botton,Encode
BottonBar,EncodeYew
Auto,Limb
AutoButton,LimbUntold
StarBoxButton,RakeSumUntold
GoldButton,LordUntold
AmazonButton,StraitUntold
PuzzleButton,FalconUntold
PuzzleIcon,FalconRail
flyManager,BisMedical
oldtop,Embryo
oldbottom,Scientist
newtop,Victim
newbottom,Infertile
newUndoButton,PpmJoltUntold
newHintButton,PpmVoltUntold
newShuffleButton,PpmRoadbedUntold
newPauseButton,PpmMessyUntold
newLevelNumberText,PpmExtolPointeDawn
newGoldNumberText,PpmLordPointeDawn
newGoldImage,PpmLordNomad
Ani,Act
GameGoldAni,DireLordAct
bank,Foot
bankType,FootLace
canUseSkill,SewSkyFlair
Icons,Depth
PuzzleIcons,FalconDepth
PuzzleIconIndex,FalconRailThink
StartPanel,BladeRider
newbg,Error
LevelIconList,ExtolRailLend
UnlockProgress,CementRelation
PlayButtonText,TollUntoldDawn
UnlockButtonText,CementUntoldDawn
UnlockText,CementDawn
LevelText,ExtolDawn
FishBubbleImage,SpurLocustNomad
FishImage,SpurNomad
UnlockFish,CementSpur
Fx_UnlockFish,So_CementSpur
lock,Holy
lockImage,HolyNomad
Pos,Icy
EndPos,OftIcy
Lock,Lash
levelIconLock,BraveRailLash
levelIconUnlock,BraveRailCement
close,Gland
closeButton,GlandUntold
expNum,OatRed
expNum1,OatRed1
expNum2,OatRed2
levelNum,BraveRed
levelNum1,BraveRed1
levelNum2,BraveRed2
nextUnlockFishIndex,FailCementSpurThink
newImage,PpmNomad
slider,Tavern
sliderImage,TavernNomad
progress,Immature
progressText,ImmatureDawn
lightSprite,PatchRugged
black,Flora
blackSprite,FloraRugged
buttonList,IndeedLend
content,Cottage
ad,To
ad_button,ad_Indeed
Home_Button,Prey_Untold
CashBase,CookKick
GoldBase,LordKick
ExpBase,DayKick
StarExpBase,RakeDayKick
PuzzleBase,FalconKick
ShellBase,RumorKick
FullMask,ShinArab
BottomMask,AlwaysArab
TopMask,BurArab
PanelShowList,RiderNoteLend
RewardItem,GrooveClan
List_RewardItem,Lend_GrooveClan
Receive,Agitate
ReceiveButton,AgitateUntold
ADImage,ADNomad
rewardData,ExpertOust
_rewardData,_ExpertOust
play,Feat
Video,Tenon
playRewardVideo,FeatGrooveTenon
flytrans,Threaten
Set,Dog
Dealy,Relic
CardSetDealy,ZealSetRelic
adButton,ToUntold
value,Depth
valueList,valueLend
skill,Scowl
icon,Meal
skill_icon,Scowl_icon
undo,Doll
undo_sprite,Doll_Ashore
hint,Auto
hint_sprite,Auto_Ashore
shuffle,Overrun
shuffle_sprite,Overrun_Ashore
text,Mood
undo_text,Doll_Mood
hint_text,Auto_Mood
shuffle_text,Overrun_Mood
Init,Tour
InitGroup,TourModel
template,Intrigue
Multi,Dutch
Object,Basalt
templateMultiObject,IntrigueDutchBasalt
itemWidth,FordDrama
StarBox,RakeSum
StarBoxOpen,RakeSumDump
Fx_StarBoxOpen,So_RakeSumDump
EndTF,OftTF
startX,SandyX
startY,SandyY
GetRewardBtn,OakGrooveFin
CardList,ZealLend
GoldSprite,LordRugged
UndoSprite,JoltRugged
HintSprite,VoltRugged
RefreshSprite,MeetingRugged
Scale,Modem
BtnScaleOffset,FinModemLeader
fishSkeletonPrefab,SaleCetaceanYellow
rewardCash,ExpertCook
rewardGold,ExpertLord
rewardAmazon,ExpertStrait
rewardSkillName,ExpertFlairLobe
rewardFishIndex,ExpertSpurThink
TipsBG,MoveBG
Fire,Five
Work,Disc
FireWorkLift,FiveDiscCoil
Fx_FireWorkLift,So_FiveDiscCoil
FireWorkRight,FiveDiscBound
Fx_FireWorkRight,So_FiveDiscBound
Fx_Star,So_Rake
Transitions,Concentrate
BubbleTransitions,LocustConcentrate
Fx_BubbleTransitions,So_LocustConcentrate
FishTank,SpurFold
GetBtn,OakFin
TileText,WordDawn
TankIcon,FoldRail
fishNameText,SaleLobeDawn
index,Boost
scroll,Salary
View,Plan
scrollView,SalaryPlan
topBar,EggYew
bottomBar,InfluxYew
NextUnlock,HaleCement
LockText,LashDawn
Scroll,Deadly
ScrollView,DeadlyPlan
FishShopItem,SpurPoemClan
FishShowOffset,SpurNoteLeader
fishShopItemList,SalePoemClanLend
gameData,FirnOust
Banner,Watery
BannerImage,WateryNomad
LockMask,LashArab
NameText,LobeDawn
Capacity,Strategy
CapacityText,StrategyDawn
selectImage,CooperNomad
selectSprite,CooperRugged
normal,Breeze
normalSprite,BreezeRugged
FishTankItemPrefab,SpurFoldClanYellow
fishTankItemList,SaleFoldClanLend
contentLayout,CottageSyntax
FlyButton,WhoUntold
CashValue,CookQuill
Via,Lay
_Via1,_Lay1
_Via2,_Lay2
cashNum,SlamRed
_cashNum,_SlamRed
RewardText,GrooveDawn
Instance,Datebase
To,Me
tileSelectMoveTo,MealMetricSackTo
InitFish,TourSpur
initFishReward,BendSpurGroove
Switch,Absorb
SwitchFishTank,AbsorbSpurFold
AddFish,WhoSpur
drop,Wold
dropFish,WoldSpur
ShowFish,NoteSpur
Position,Properly
GetInitPosition,OakTourProperly
Make,Fame
FishMakeReward,SpurFameGroove
GetMission,OakAnxious
set,Bus
Hide,Rare
setBubbleHide,BusLocustRare
setBubbleShow,BusLocustNote
FishRewardFlash,SpurGroovePlumb
collisionBubble,CharacterLocust
rotate,Borrow
Action,Saline
rotateAction,BorrowSaline
check,Repel
Return,Radial
checkReturnBack,RepelRadialCane
setMission,BusAnxious
createReward,LintelGroove
levelScoreInit,BraveProbeTour
Calc,Hero
levelScoreCalc,BraveProbeHero
load,Dung
Json,Fast
loadLevelJson,DungExtolFast
Diff,Host
getDiffLayer,WhoHostLeave
createLevelTile,LintelExtolWord
ShowTileAnimation,NoteWordFormation
HideTileAnimation,RareWordFormation
getTileImage,WhoWordNomad
Figure,Ribbon
getFigureNum,WhoRibbonRed
setImageGroup,BusNomadModel
skillRefreshImage,ScowlMeetingNomad
undoSkillRefresh,DollFlairMeeting
selectTileRefresh,CooperWordMeeting
initLevel,BendExtol
Step,Tale
newUserStep,PpmExamTale
New,Cap
getNewUserTile,WhoCapExamWord
getCanAuto,WhoJawLimb
levelInit,BraveTour
selectTile,CooperWord
Same,Knit
removeSameTile,ClutchKnitWord
levelComplete,BraveEmphasis
RefreshSelectGroup,MeetingMetricModel
checkSame,RepelKnit
UndoSkillAction,JoltFlairSaline
HintSkillAction,VoltFlairSaline
ShuffleSkillAction,RoadbedFlairSaline
Match,Lodge
AutoMatch,LimbLodge
AutoSelect,LimbMetric
Revive,Cement
ReviveSkillAction,ReviveFlairSaline
checkNewUser,RepelCapExam
checkNewUserCanSelect,RepelCapExamJawMetric
setLayer,BusLeave
change,Spring
State,Debut
changeState,SpringState
setTileImage,BusWordNomad
tileMoveTo,MealSackMe
refresh,Extract
refreshFullCount,ExtractShinGrass
GetInstance,OakDatebase
createLayer,LintelLeave
addLayer,OwnLeave
removeLayer,ClutchLeave
Alpha,Biter
changeEmptyAlpha,SpringFifthBiter
Texture,Without
TRUE,Duck
getTextureTrueSize,WhoWithoutDuckUnit
save,Sake
saveLevelJson,SakeExtolFast
From,Lobe
ListFromJson,LendFromFast
ToList,MeLend
OpenIEFly,DumpIEWho
initFly,BendWho
OpenFlyBubble,DumpWhoLocust
DeleteFlyItem,LichenWhoClan
CreateFlyItem,SchemeWhoClan
gameInit,FirnTour
levelStart,BraveBlade
reset,Large
resetBigRewardTime,LargeGapGrooveTerm
stopBigRewardTime,RailGapGrooveTerm
SetGameFinish,DogDireCrouch
GetGameFinish,OakDireCrouch
adLevelFinish,ToExtolCrouch
levelFinish,BraveCrouch
All,His
gamePauseMaskAll,FirnMessyArabHis
canel,Chafe
canelGamePauseMaskAll,ChafeDireMessyArabHis
getCashMulti,WhoCookDutch
getGoldMulti,WhoLordDutch
getAmazonMulti,WhoStraitDutch
addGold,OwnLord
sub,Rob
subGold,RobLord
getGold,WhoLord
addCash,OwnCook
subCash,RobCook
getCash,WhoCook
addAmazon,OwnStrait
subAmazon,RobStrait
getAmazon,WhoStrait
Pass,Love
getLevelPassCash,WhoExtolLoveCook
addExp,OwnDay
getExp,WhoDay
getShowLevelUpProgress,WhoNoteExtolIfRelation
getTrueLevelUpProgress,WhoDuckExtolIfRelation
getUserLevel,WhoExamExtol
getFishType,WhoSpurLace
getShopFishPrice,WhoPoemSpurSpore
buy,Few
buyFish,FewSpur
getNextUnlockFishData,WhoHaleCementSpurOust
Have,Mess
getHaveFishCount,WhoMessSpurGrass
Now,Gem
getNowTankHaveFishCount,WhoGemFoldMessSpurGrass
Drop,Idea
StarBoxDropFish,RakeSumIdeaSpur
Wait,Cent
DropFinishWaitTime,IdeaCrouchCentTerm
getLevelNeedExp,WhoExtolHerbDay
getFishTankIsUnlock,WhoSpurFoldMeCement
getFishTankNeedUnlock,WhoSpurFoldHerbCement
unlockTankFish,BalsamFoldSpur
getStarBoxNeedExp,WhoRakeSumHerbDay
getStartBoxNowData,WhoBladeSumGemOust
getStarBoxExp,WhoRakeSumDay
AddStarBoxExp,WhosRakeSumDay
AddStarBoxLevel,WhoRakeSumExtol
AddSkillCount,WhoFlairGrass
Sub,Eke
SubSkillCount,EkeFlairGrass
getSkillCount,WhoFlairGrass
DailyBounsGetIndex,FifthFluteOakThink
DailyBonusGetReward,FifthSillyOakGroove
AddFishShellData,WhoSpurRumorOust
AddStar,WhoRake
GetStarNum,OakRakeRed
ResetStarNum,AsianRakeRed
addBigRewardTime,OwnGapGrooveTerm
OpenLevelCompletePanel,DumpExtolEmphasisRider
Cache,Cubic
AddMoneyToCache,WhoCrackMeCubic
AddScore,WhoProbe
World,Mercy
WorldToCanvasPos,MercyMeVirtueIcy
ClaimADBtnClick,WeighADFinSpeed
CloseBtnClick,OvertFinSpeed
SetTargetImage,DogMarvelNomad
playAction,FeatSaline
ShowImage,NoteNomad
Hiding,Parcel
HidingImage,ParcelNomad
HideImage,RareNomad
SwitchStateWithdraw,AbsorbDebutPortrait
SwitchStateComplete,AbsorbDebutEmphasis
SwitchStateNormal,AbsorbDebutInsult
Con,Off
Trol,Mask
ConTrolTask,OffMaskDime
RefreshInfo,MeetingGate
Clain,Incur
ClainBtnClick,IncurFinSpeed
Schdule,Fateful
RefreshSchdule,MeetingFateful
InitRobloxShopData,TourForestPoemOust
Characters,Foreshadow
RefreshCharacters,MeetingForeshadow
Structure,Innocence
InitDataStructure,TourOustInnocence
SetCountryInfo,DogMigrantGate
Language,Offshore
GetLanguage,OakOffshore
RefreshCountryInfo,MeetingMigrantGate
By,Me
GetIconPathByID,OakRailKeenByID
GetSpriteByID,OakRuggedMeID
Exchange,Humorous
Consume,Attract
GetExchangeConsumeValueByID,OakHumorousAttractQuillMeID
InitCCurrenct,TourCBehavior
Currency,Shoshone
MinCurrency,FirShoshone
testGetValue,PairOakQuill
Addschedule,Refrigerate
GetRobloxReward,OakForestGroove
GetRobloxTask,OakForestDime
SetTaskValue,DogDimeQuill
GetTaskValue,OakDimeQuill
GetTaskShowValue,OakDimeNoteQuill
Fill,Tree
Amount,Desert
GetTaskShowFillAmount,OakDimeNoteTreeDesert
String,Critic
GetShopStringValue,OakPoemCriticQuill
Float,Canoe
GetShopFloatValue,OakPoemFloatQuill
GetCharacterStringValue,OakArbitraryCriticQuill
GetCharacterFloatValue,OakArbitraryCanoeQuill
GetPropsStringValue,OakEpochCriticQuill
GetPropsFloatValue,OakEpochCanoeQuill
GetValue,OakQuill
Shopschedule,Characterize
GetShopschedule,OakCharacterize
Description,Imaginative
GetShopDescription,OakPoemImaginative
GetRobloxShopSchedule,OakForestPoemPacifier
GetCharacterReward,OakArbitraryGroove
Characterschedule,Electrocardiogram
GetCharacterschedule,OakElectrocardiogram
Once,Note
Sum,Elk
GetOnceCharactersSum,OakOnceForeshadowElk
Weight,Boston
GetCharactersWeight,OakForeshadowBoston
GetPropsReward,OakEpochGroove
Propsschedule,Consideration
GetPropsschedule,OakConsideration
GetOncePropsSum,OakNoteEpochElk
GetPropsWeight,OakEpochBoston
GetAddValue,OakWhoQuill
InitCurrenct,TourBehavior
Creat,Flout
Guid,Cany
CreatGuid,FloutCany
Refreshreward,Oceanographic
RefreshCharacter,MeetingArbitrary
RefreshProps,MeetingEpoch
CreatReward,FloutGroove
CreatCharacterReward,FloutArbitraryGroove
RefreshCharacterReward,MeetingArbitraryGroove
CreatPropsReward,FloutEpochGroove
BackBtnClick,CaneFinSpeed
RuleBtnClick,WeldFinSpeed
RewardBtnClick,GrooveFinSpeed
CharacterBtnClick,ArbitraryFinSpeed
PropsBtnClick,EpochFinSpeed
GuideBtnClick,PivotFinSpeed
RefreshGame,MeetingDire
ShowWithdrawalPanel,NoteIncinerateRider
ShowSuccessPanel,NoteClusterRider
ShowTaskPanel,NoteDimeRider
SetRobloxRewardWithdraw,DogForestGroovePortrait
SetRobloxRewardComplete,DogForestGrooveEmphasis
Weidget,Trigger
GetRobloxRewardWeidget,OakForestGrooveTrigger
Effect,Memory
TipEffect,TugMemory
Pop,Six
PopUpHide,SixIfRare
PopUpShow,SixIfNote
Lick,Gold
ClaimBtnCLick,WeighFinCGold
RefreshClaimStage,MeetingWeighSpout
SelectItem,MetricClan
deleteBtnClick,BelongFinSpeed
GetChildBtnClick,OakPlankFinSpeed
AddChildBtnCLick,WhoPlankFinCGold
GetPropsBtnClick,OakEpochFinSpeed
AddPropsBtnClick,WhoEpochFinSpeed
ClimeBtnClick,AlikeFinSpeed
ShowMask,NoteArab
HideMask,RareArab
Trigger,Amnesia
Event,Stony
TriggerEvent,AmnesiaStony
Check,Spear
Condition,Overnight
CheckCondition,SpearOvernight
ShowStep,NoteTale
setTargetWaitTime,BusMarvelCentTerm
finishNewUserStep,ImpendCapExamTale
showMaskHandContent,BarnArabMovePlateau
callBackAction,IconCaneSaline
Find,Boom
FindButton,BoomUntold
TileNewUserGuide,WordCapExamPivot
TileNewUserGuideFinish,WordCapExamPivotCrouch
getTriggerWithID,WhoAmnesiaLampID
getIDListWithTrigger,WhoIDLendLampAmnesia
Static,Crisis
getIDListWithTriggerStatic,WhoIDLendLampAmnesiaCrisis
lightStart,PatchBlade
closePanel,GlandRider
CreatItems,FloutPlane
InstancePre,DatebaseJet
ControlItemStage,BlisterClanSpout
Center,Follow
ItemCenter,ClanFollow
Slide,Label
Out,Raw
Of,So
Dealwith,Dislodge
OutOfBoundsDealwith,OutOfRainerDislodge
Quick,Ingot
Sort,Bend
QuickSort,IngotSort
Postion,Crudely
ItemPostionX,ClanCrudelyX
Automatic,Sedentary
AutomaticCenter,SedentaryFollow
Aime,Earn
CenterAime,FollowEarn
SetIndex,DogThink
ShowCounterText,NoteAccreteDawn
ShowPauseTimeInterstitial,NoteMessyTermCircumscribe
addReward,OwnGroove
PuzzleAnimation,FalconFormation
Initialization,Specialization
Bool,Plus
BoolDailyReward,PlusFifthGroove
GetReward,OakGroove
waitTimeCanelMask,OralTermGourdArab
initialization,Rehabilitation
isNewUser,NoCapExam
ReturnHomePanel,RadialPreyRider
ADReturnHomePanel,ADRadialPreyRider
Callback,Agrarian
ADCallback,ADAgrarian
getSlotMultiIndex,WhoBoonDutchThink
LevelCompleteAniInitialization,ExtolEmphasisActSpecialization
Colmplete,Statistic
LevelColmpleteAni,ExtolStatisticAct
For,Wax
Moment,Shrink
WaitForMoment,CentWaxShrink
TestLevelColmpleteAni,RealExtolStatisticAct
goldAddAnimation,BarnWhoFormation
BtnShow,FinNote
TopBarPlay,BurYewToll
StarImageShow,RakeNomadNote
GoldValue,LordQuill
WaitForMomentValue,CentWaxShrinkQuill
LevelReward,ExtolGroove
LevelGoldMove,ExtolLordSack
skillCanUseWaitTime,ScowlJawSkyCentTerm
refreshSkillCount,ExtractFlairGrass
cashAddAnimation,SlamWhoFormation
amazonAddAnimation,RevereWhoFormation
cashTileAnimation,SlamWordFormation
changeStarBoxNum,SpringRakeSumRed
LevelUnlockShow,ExtolCementNote
LevelUnlock,ExtolCement
Under,Excel
FishToUnderBar,SpurMeExcelYew
rate,Sled
rateAction,SledSaline
open,Pour
Email,Crack
openEmail,PourEmail
setStar,BusRake
Pin,Roe
Market,Pocket
openAPPinMarket,PourAPRoePocket
OpenNextButton,DumpHaleUntold
Active,Result
CloseRewardActive,OvertGrooveResult
RewardPanelShowAni,GrooveRiderNoteAct
playSlot,FeatBoon
RewardPanelMove,GrooveRiderSack
adButtonAction,ToUntoldSaline
CardGroup,ZealModel
CardHint,ZealVolt
setdelay,Windmill
CardShow,ZealNote
initMulti,BendDutch
slot,Flop
setBoxReward,BusSumGroove
OpenBox,DumpSum
showTips,BarnMove
UnlockFishTank,CementSpurFold
FishTankTransitions,SpurFoldConcentrate
shop,Meal
shopInit,shopTour
FlyPlay,WhoToll
FlyPause,WhoMessy
Kill,Beak
FlyKill,WhoBeak
Gun,Spy
Tune,Tact
Reason,Afraid
GunTuneReason,SpyTactAfraid
LeftFly,HearWho
Rigth,Thank
RigthFly,ThankWho
Loop,Duty
LoopFly,DutyWho
Destroy,Cartoon
DestroyFlyItem,CartoonWhoClan
SetRewardData,DogGrooveOust
Dotween,Painter
DotweenManager,PainterMedical
FishLayerData,SpurLeaveOust
FishData,SpurOust
FishManager,SpurMedical
FishMove,SpurSack
Physic,Radial
RewardBubblePhysic,GrooveLocustPhysic
RewardBubbleWallLayout,GrooveLocustViceSyntax
LevelLayout,ExtolSyntax
LevelDDManager,ExtolDDMedical
TileAnimationData,WordFormationOust
Load,Reel
LevelLoadCreate,ExtolReelScheme
LevelPlay,ExtolToll
TileItem,WordClan
LevelLayer,ExtolLeave
LevelData,ExtolOust
LimitItem,EarlyClan
LevelLayerGroup,ExtolLeaveModel
Serialize,Overnight
SerializeList,SerializeLend
Serialization,Collaboration
SerializationList,CollaborationLend
LevelJsonData,ExtolFastOust
Read,Icon
LevelReadJsonData,ExtolReadFastOust
Edit,Spit
LevelEditMessage,ExtolSpitPangaea
LevelRemoveData,ExtolEasilyOust
LevelRemoveItem,ExtolEasilyClan
FlyManager,WhoMedical
GameDataManager,DireOustMedical
Main,Lava
MainManager,LavaMedical
RewardManager,GrooveMedical
RewardPanelData,GrooveRiderOust
Fragments,Filmmaker
GetFragmentsPanel,OakFilmmakerRider
GuidanceEventPenetrate,DutchmanStonyMigration
NewTaskPanel,CapDimeRider
PlayImageAnimation,TollNomadFormation
RobloxIconBtnWeight,ForestRailFinBoston
RobloxRewardWeidget,ForestGrooveTrigger
RobloxShopDataManager,ForestPoemOustMedical
RobloxShopPanel,ForestPoemRider
RobloxThreeRewardWeight,ForestProseGrooveBoston
RobloxTwoRewardWeight,ForestBatGrooveBoston
RookieItem,SpiralClan
TestRobloxReward,RealForestGroove
TriggerType,AmnesiaLace
ConditionType,OvernightLace
NewUserManager,CapExamMedical
r,r
PlayImageAnimation_r1,TollNomadFormation_r1
GamePanel,DireRider
Const,Brush
StringConst,CriticBrush
Custom,Gallon
CustomSlider,GallonAthens
AdjustTestPanel,PurifyRealRider
AdManagerTestPanel,AnMedicalRealRider
Chest,Decor
BigChestPanel,GapDecorRider
BonusPanel,SillyRider
BuyFishPanel,LogSpurRider
Collect,Physics
CollectPuzzle,PhysicsFalcon
DailyBonusPanel,FifthSillyRider
GuidePanel,PivotRider
LevelPanel,ExtolRider
LevelUnlockFishPanel,ExtolCementSpurRider
Loading,Obvious
LoadingPanel,ObviousRider
PausePanel,MessyRider
RatePanel,DeafRider
RevivePanel,CementRider
RewardPanelNew,GrooveRiderCap
RobloxPuzzlePanel,ForestFalconRider
SkillPanel,FlairRider
SlotGroup,BoonModel
StarBoxPanel,RakeSumRider
UnLockFishTankPanel,AxLashSpurFoldRider
Page,Open
FishPageLayout,SpurOpenSyntax
FishShopPage,SpurPoemOpen
FishTankItem,SpurFoldClan
FishTankPage,SpurFoldOpen
cardglow,Building
cardglow06,Building06
Circle01,Crayon01
Circle03,Crayon03
Effects,Sundial
box,Van
blur,Slum
Effects_box_blur,Sundial_Van_Slum
Effects_Bubble,Sundial_Locust
Effects_Circle,Sundial_Crayon
circle,Rattle
Effects_circle_blur 1,Sundial_Rattle_Slum 1
glow,Drag
Effects_circle_glow,Sundial_Rattle_Drag
Confetti,Kilogram
Effects_Confetti,Sundial_Kilogram
Effects_Flash,Sundial_Plumb
Glow,None
Effects_Glow,Sundial_None
Effects_glow1,Sundial_Drag1
Glowblock,Favorably
Effects_Glowblock,Sundial_Favorably
GlowCircle,NoneCrayon
Effects_GlowCircle,Sundial_NoneCrayon
Effects_Gradient,Sundial_Scotland
Effects_Gradient12,Sundial_Scotland12
Effects_Gradient4.3,Sundial_Scotland4.3
Effects_GroundLight,Sundial_GroundLight
IceNormal,RyeInsult
Effects_IceNormal,Sundial_RyeInsult
lightray,Strength
Effects_lightray,Sundial_Strength
magic,Rival
blast,Erupt
Effects_magic_blast,Sundial_Rival_Erupt
line,Gobi
Effects_magic_line,Sundial_Rival_Gobi
Magic,Curio
orb,Lop
Effects_Magic_orb2,Sundial_Curio_Lop2
Effects_Mask,Sundial_Arab
Noise,Flock
Effects_Noise,Sundial_Flock
Effects_Noise13,Sundial_Flock13
Effects_Noise29,Sundial_Flock29
Effects_Noise50,Sundial_Flock50
Effects_Noise53,Sundial_Flock53
Ring,Lava
Effects_Ring,Sundial_Lava
Effects_rotate_line,Sundial_Borrow_Gobi
Effects_Star,Sundial_Rake
Effects_star_light,Sundial_Crew_Patch
Trail,Relay
Effects_Trail36,Sundial_Relay36
b,b
Effects_Trail55b,Sundial_Relay55b
Cloud,Relay
soft,Palm
Effect_Cloud_2x2_soft,Memory_Relay_2x2_Palm
Lightray,Fracture
Effect_Lightray2,Memory_Fracture2
Ray01,Beg01
Star01,Rake01
TEX,TEX
TEX_Card,TEX_Zeal
Coins,Chick
dixia,Vital
Lvbis,Apple
UI,UI
ArrowIcon,TrendRail
UI_ArrowIcon,UI_TrendRail
Balance,Dwindle
BalanceAmazon,DwindleStrait
UI_BalanceAmazon,UI_DwindleStrait
BalanceBG,DwindleBG
UI_BalanceBG,UI_DwindleBG
BalanceCashBG,DwindleCookBG
UI_BalanceCashBG,UI_DwindleCookBG
BalanceClose,DwindleOvert
UI_BalanceClose,UI_DwindleOvert
Paypal,Stormy
BalancePaypal,DwindleStormy
UI_BalancePaypal,UI_DwindleStormy
PiggyBank,MajorBoss
UI_PiggyBank,UI_MajorBoss
UI_PiggyBank300,UI_MajorBoss300
PiggyBankBar,MajorBossYew
UI_PiggyBankBar,UI_MajorBossYew
PiggyBankBarBG,MajorBossYewBG
UI_PiggyBankBarBG,UI_MajorBossYewBG
PiggyBankIcon,MajorBossRail
UI_PiggyBankIcon,UI_MajorBossRail
PiggyBankMoney,MajorBossCrack
UI_PiggyBankMoney,UI_MajorBossCrack
PiggyBankProgress,MajorBossRelation
UI_PiggyBankProgress,UI_MajorBossRelation
PiggyBankProgressBG,MajorBossRelationBG
UI_PiggyBankProgressBG,UI_MajorBossRelationBG
Head,Deep
PiggyBankProgressHead,MajorBossRelationDeep
UI_PiggyBankProgressHead,UI_MajorBossRelationDeep
PiggyBankRewardBig,MajorBossGrooveGap
UI_PiggyBankRewardBig,UI_MajorBossGrooveGap
Small,Reach
PiggyBankRewardSmall,MajorBossGrooveReach
UI_PiggyBankRewardSmall,UI_MajorBossGrooveReach
RewardBoxUnder,GrooveSumExcel
UI_RewardBoxUnder,UI_GrooveSumExcel
UI_StarBoxOpen,UI_RakeSumDump
StarBoxPopImage,RakeSumSixNomad
UI_StarBoxPopImage,UI_RakeSumSixNomad
BoxIcon,SumRail
UI_BoxIcon,UI_SumRail
CashIcon,CookRail
UI_CashIcon,UI_CookRail
UI_CashIcon_1,UI_CookRail_1
coin,Dire
top_coin,Egg_Dire
BoxBG,SumBG
UI_BoxBG,UI_SumBG
Ui,Be
Ui_Daily1Gold,Be_Fifth1Lord
Ui_Daily2Gold,Be_Fifth2Lord
Ui_Daily3Gold,Be_Fifth3Lord
Ui_Daily4Gold,Be_Fifth4Lord
Ui_Daily5Gold,Be_Fifth5Lord
Ui_Daily6Gold,Be_Fifth6Lord
Ui_Daily7Gold,Be_Fifth7Lord
gift,Diet
UI_gift,UI_Diet
ReceiveClose,AgitateOvert
UI_ReceiveClose,UI_AgitateOvert
receive,Unhappy
receiveOpen,UnhappyDump
UI_receiveOpen,UI_UnhappyDump
FishCash,SpurCook
UI_FishCash,UI_SpurCook
FishGold,SpurLord
UI_FishGold,UI_SpurLord
FishPuzzle,SpurFalcon
UI_FishPuzzle,UI_SpurFalcon
Shadow,Urgent
FishRewardShadow,SpurGrooveUrgent
UI_FishRewardShadow,UI_SpurGrooveUrgent
FishShellIcon,SpurRumorRail
UI_FishShellIcon,UI_SpurRumorRail
FishShell,SpurRumor
UI_FishShell,UI_SpurRumor
BackIcon,CaneRail
UI_BackIcon,UI_CaneRail
BuyFishBubble,LogSpurLocust
UI_BuyFishBubble,UI_LogSpurLocust
Velue,Finch
BuyFishVelue,LogSpurFinch
UI_BuyFishVelue,UI_LogSpurFinch
EXPIcon,EXPRail
UI_EXPIcon,UI_EXPRail
Iconx,Strut
EXPIconx,EXPStrut
UI_EXPIconx1,UI_EXPStrut1
FishShopBubble,SpurPoemLocust
UI_FishShopBubble,UI_SpurPoemLocust
FishShopBubbleMask,SpurPoemLocustArab
UI_FishShopBubbleMask,UI_SpurPoemLocustArab
FishShopBubbleShow,SpurPoemLocustNote
UI_FishShopBubbleShow,UI_SpurPoemLocustNote
FishShopVelueBG,SpurPoemFinchBG
UI_FishShopVelueBG,UI_SpurPoemFinchBG
LockIcon,LashRail
UI_LockIcon,UI_LashRail
UI_FishTank,UI_SpurFold
FishTankBG,SpurFoldBG
UI_FishTankBG,UI_SpurFoldBG
Yellow,Tailor
FishTankBGYellow,SpurFoldBGTailor
UI_FishTankBGYellow,UI_SpurFoldBGTailor
FishTankSCLock,SpurFoldSCLash
UI_FishTankSCLock,UI_SpurFoldSCLash
FishTankSCLockTop,SpurFoldSCLashBur
UI_FishTankSCLockTop,UI_SpurFoldSCLashBur
FishTankSCLockUnder,SpurFoldSCLashExcel
UI_FishTankSCLockUnder,UI_SpurFoldSCLashExcel
FishTankSCMask,SpurFoldSCArab
UI_FishTankSCMask,UI_SpurFoldSCArab
FxGoldIcon,SoLordRail
UI_FxGoldIcon,UI_SoLordRail
UI_Hint,UI_Volt
HintIcon,VoltRail
UI_HintIcon,UI_VoltRail
flymoney,Iroquois
Tex,Rag
Tex_Auto,Rag_Limb
AmazonIcon,StraitRail
UI_AmazonIcon,UI_StraitRail
BtnBg,FinDy
UI_BtnBg,UI_FinDy
CashOutBtn,CookRawFin
UI_CashOutBtn,UI_CookRawFin
CashOutBtnNum,CookRawFinRed
UI_CashOutBtnNum,UI_CookRawFinRed
Cube,Bare
CubeIcon,BareRail
UI_CubeIcon,UI_BareRail
CubeToLevel,BareMeExtol
UI_CubeToLevel,UI_BareMeExtol
FishTankIconx,SpurFoldStrut
UI_FishTankIconx3,UI_SpurFoldStrut3
GameCash,DireCook
UI_GameCash,UI_DireCook
GameCashICon,DireCookIOff
UI_GameCashICon,UI_DireCookIOff
GameGold,DireLord
UI_GameGold,UI_DireLord
HomeBankBG,PreyBossBG
UI_HomeBankBG,UI_PreyBossBG
HomeBG,PreyBG
UI_HomeBG,UI_PreyBG
HomeBoxProgressBar,PreySumRelationYew
UI_HomeBoxProgressBar,UI_PreySumRelationYew
HomeCashICon,PreyCookIOff
UI_HomeCashICon,UI_PreyCookIOff
HomeEXPIcon,PreyEXPRail
UI_HomeEXPIcon,UI_PreyEXPRail
Balck,Noise
HomeEXPIconBalck,PreyEXPRailNoise
UI_HomeEXPIconBalck,UI_PreyEXPRailNoise
HomeGoldIcon,PreyLordRail
UI_HomeGoldIcon,UI_PreyLordRail
HomeGuide,PreyPivot
UI_HomeGuide,UI_PreyPivot
HomeGuideCube,PreyPivotBare
UI_HomeGuideCube,UI_PreyPivotBare
H,H
UI_HomeGuideCube_H,UI_PreyPivotBare_H
Iocn,Doll
HomeIocn,PreyDoll
UI_HomeIocn,UI_PreyDoll
HomeLevelPop,PreyExtolSix
UI_HomeLevelPop,UI_PreyExtolSix
Line,Vast
HomeLine,PreyVast
UI_HomeLine,UI_PreyVast
HomePlayIcon,PreyTollRail
UI_HomePlayIcon,UI_PreyTollRail
HomeProgressBar,PreyRelationYew
UI_HomeProgressBar,UI_PreyRelationYew
HomeProgressBarBG,PreyRelationYewBG
UI_HomeProgressBarBG,UI_PreyRelationYewBG
HomeSettingIcon,PreyFlatterRail
UI_HomeSettingIcon,UI_PreyFlatterRail
Homeshell,Afterlife
HomeshellICon,AfterlifeIOff
UI_HomeshellICon,UI_AfterlifeIOff
HomeTopBG,PreyBurBG
UI_HomeTopBG,UI_PreyBurBG
HomeTopBGMask,PreyBurBGArab
UI_HomeTopBGMask,UI_PreyBurBGArab
HomeTopLevel,PreyBurExtol
UI_HomeTopLevel,UI_PreyBurExtol
HomeTopLevelBg,PreyBurExtolDy
UI_HomeTopLevelBg,UI_PreyBurExtolDy
HomeTopValueBg,PreyBurQuillDy
UI_HomeTopValueBg,UI_PreyBurQuillDy
HomeUnder,PreyExcel
UI_HomeUnder,UI_PreyExcel
HomeUnderBG,PreyExcelBG
UI_HomeUnderBG,UI_PreyExcelBG
LevelHome,ExtolPrey
UI_LevelHome,UI_ExtolPrey
RobloxBG,ForestBG
UI_RobloxBG,UI_ForestBG
RobloxIcon,ForestRail
UI_RobloxIcon,UI_ForestRail
ShopIcon,PoemRail
UI_ShopIcon,UI_PoemRail
UI_ShopIcon_1,UI_PoemRail_1
UI_StarBox,UI_RakeSum
StarBoxTime,RakeSumTerm
UI_StarBoxTime,UI_RakeSumTerm
Topbar,Pueblo
TopbarBG,PuebloBG
UI_TopbarBG,UI_PuebloBG
robox,Coach
Blue,Clip
BtnBlue,FinClip
UI_BtnBlue,UI_FinClip
BtnGreen,FinShore
UI_BtnGreen,UI_FinShore
CashOutBG,CookRawBG
UI_CashOutBG,UI_CookRawBG
TopBarBG,BurYewBG
UI_TopBarBG,UI_BurYewBG
PopBG,SixBG
UI_PopBG,UI_SixBG
UI_PopBG_1,UI_SixBG_1
loading,Essence
loadingBG,EssenceBG
Logo,Hold
LoadingLogo,ObviousHold
LoadingProgress,ObviousRelation
UI_LoadingProgress,UI_ObviousRelation
LoadingProgressBG,ObviousRelationBG
UI_LoadingProgressBG,UI_ObviousRelationBG
圆角矩形 546,圆角矩形 546
标题,标题
组 306 拷贝,组 306 拷贝
组 306,组 306
组 335,组 335
组 336,组 336
UI_loadingBG,UI_EssenceBG
LoadingIcon,ObviousRail
UI_LoadingIcon,UI_ObviousRail
Mergebar,Derisive
MergebarBG,DerisiveBG
UI_MergebarBG,UI_DerisiveBG
MergebarBGTest,DerisiveBGReal
UI_MergebarBGTest,UI_DerisiveBGReal
Block,Laugh
MergebarBlockBG,DerisiveLaughBG
UI_MergebarBlockBG,UI_DerisiveLaughBG
UI_Hand,UI_Move
UI_Hand_Ani_1,UI_Move_Act_1
UI_Hand_Ani_2,UI_Move_Act_2
UI_Hand_Ani_3,UI_Move_Act_3
UI_Hand_Ani_4,UI_Move_Act_4
UI_Hand_Ani_5,UI_Move_Act_5
UI_Hand_Ani_6,UI_Move_Act_6
UI_Hand_Ani_7,UI_Move_Act_7
UI_Hand_Ani_8,UI_Move_Act_8
UI_Hand_Ani_9,UI_Move_Act_9
NewPlayTextBG,CapTollDawnBG
UI_NewPlayTextBG,UI_CapTollDawnBG
PauseBtnBg,MessyFinDy
UI_PauseBtnBg,UI_MessyFinDy
UI_PauseButton,UI_MessyUntold
PlayIcon,TollRail
UI_PlayIcon,UI_TollRail
UI_PopBG5,UI_SixBG5
UI_PopBG_2,UI_SixBG_2
UI_PopBG_3,UI_SixBG_3
UI_PopBG_4,UI_SixBG_4
PopButton,SixUntold
UI_PopButton,UI_SixUntold
PopButtonBlack,SixUntoldMaker
UI_PopButtonBlack,UI_SixUntoldMaker
PopButtonBlue,SixUntoldClip
UI_PopButtonBlue,UI_SixUntoldClip
UI_PopButton_1,UI_SixUntold_1
PopClose,SixOvert
UI_PopClose,UI_SixOvert
UI_PuzzleIcon,UI_FalconRail
RatePanelBG,DeafRiderBG
Tex_RatePanelBG,Rag_DeafRiderBG
RatePopBG,DeafSixBG
Tex_RatePopBG,Rag_DeafSixBG
RateStar,DeafRake
Tex_RateStar,Rag_DeafRake
Yollow,Fanner
RateYollowStar,DeafFannerRake
Tex_RateYollowStar,Rag_DeafFannerRake
LevelPopStar,ExtolSixRake
UI_LevelPopStar,UI_ExtolSixRake
LevelPopStarBG,ExtolSixRakeBG
UI_LevelPopStarBG,UI_ExtolSixRakeBG
RateBG,DeafBG
UI_RateBG,UI_DeafBG
RateBtn,DeafFin
UI_RateBtn,UI_DeafFin
ReviveBar,CementYew
UI_ReviveBar,UI_CementYew
ReviveIcon,CementRail
UI_ReviveIcon,UI_CementRail
robloximg,Quicksand
robloximg_6,Quicksand_6
UI_GetBtn,UI_OakFin
RobloxBar,ForestYew
UI_RobloxBar,UI_ForestYew
RobloxPuzzle,ForestFalcon
UI_RobloxPuzzle,UI_ForestFalcon
Title,Broad
TitleBG,BroadBG
UI_TitleBG,UI_BroadBG
Ban,Key
BanMusicIcon,KeyLabelRail
UI_BanMusicIcon,UI_KeyLabelRail
BanSoundIcon,KeyWhoseRail
UI_BanSoundIcon,UI_KeyWhoseRail
UI_MusicIcon,UI_LabelRail
PauseBar,MessyYew
UI_PauseBar,UI_MessyYew
UI_SoundIcon,UI_WhoseRail
Settlement,Aggressive
UI_Settlement,UI_Aggressive
Aquatic,Percent
SettlementAquatic,AggressivePercent
UI_SettlementAquatic,UI_AggressivePercent
SettlementCash,AggressiveCook
UI_SettlementCash,UI_AggressiveCook
SettlementGold,AggressiveLord
UI_SettlementGold,UI_AggressiveLord
SettlementGoldFish,AggressiveLordSpur
UI_SettlementGoldFish,UI_AggressiveLordSpur
SettlementGoldFly,AggressiveLordWho
UI_SettlementGoldFly,UI_AggressiveLordWho
SettlementPopBg,AggressiveSixDy
UI_SettlementPopBg,UI_AggressiveSixDy
SettlementPrice,AggressiveSpore
UI_SettlementPrice,UI_AggressiveSpore
SettlementStar,AggressiveRake
UI_SettlementStar,UI_AggressiveRake
SettlementTopBar,AggressiveBurYew
UI_SettlementTopBar,UI_AggressiveBurYew
Watch,Queen
Ads,Not
SettlementWatchAdsBtn,AggressiveQueenNotFin
UI_SettlementWatchAdsBtn,UI_AggressiveQueenNotFin
Water,Cuban
SettlementWater,AggressiveCuban
UI_SettlementWater,UI_AggressiveCuban
SettlementWaterLight,AggressiveCubanMajor
UI_SettlementWaterLight,UI_AggressiveCubanMajor
SettlementWaterRight,AggressiveCubanBound
UI_SettlementWaterRight,UI_AggressiveCubanBound
SettlementLine,AggressiveVast
UI_SettlementLine,UI_AggressiveVast
ShuffleIcon,RoadbedRail
UI_ShuffleIcon,UI_RoadbedRail
SkillBar,FlairYew
UI_SkillBar,UI_FlairYew
SkillPopBar,FlairSixYew
UI_SkillPopBar,UI_FlairSixYew
SkillLockIcon,FlairLashRail
UI_SkillLockIcon,UI_FlairLashRail
SkillTime,FlairTerm
UI_SkillTime,UI_FlairTerm
LevelPopCardBG,ExtolSixZealBG
UI_LevelPopCardBG,UI_ExtolSixZealBG
LevelPop,ExtolSix
UI_LevelPop_SlotBG,UI_ExtolSix_SlotBG
SlotCard,BoonZeal
UI_LevelPop_SlotCard,UI_ExtolSix_BoonZeal
SlotPop,BoonSix
UI_LevelPop_SlotPop,UI_ExtolSix_BoonSix
UI_SlotBG,UI_SlotBG
StarIcon,RakeRail
UI_StarIcon,UI_RakeRail
UI_Tips,UI_Move
UI_Tips_1,UI_Move_1
Comfy,Nomad
ComfyUI,NomadUI
ComfyUI_02247_,NomadUI_02247_
椭圆 2,椭圆 2
矩形 1539,矩形 1539
组 331,组 331
组 332,组 332
组 337,组 337
组 338,组 338
组 339,组 339
设置,设置
UndoIcon,JoltRail
UI_UndoIcon,UI_JoltRail
VideoIcon,TenonRail
UI_VideoIcon,UI_TenonRail
Ui_Bonus_Amazon,Be_Silly_Strait
Ui_Bonus_Cash,Be_Silly_Cook
Ui_Bonus_Gold,Be_Silly_Lord
Off,Rut
SoundOff,WhoseRut
UI_SoundOff,UI_WhoseRut
On,Me
SoundOn,WhoseMe
UI_SoundOn,UI_WhoseMe
BankCashFull,BossCookShin
Sound_BankCashFull,Whose_BossCookShin
BGM,BGM
Sound_BGM,Whose_BGM
CubeShow,BareNote
Sound_CubeShow,Whose_BareNote
GameBankGold,DireBossLord
Sound_GameBankGold,Whose_DireBossLord
HomeGold,PreyLord
Sound_HomeGold,Whose_PreyLord
Merge,Brand
Disapper,Surround
MergeDisapper,BrandSurround
Sound_MergeDisapper,Whose_BrandSurround
TouchCube,PluckBare
Sound_TouchCube,Whose_PluckBare
AutoMerge,LimbBrand
Sound_AutoMerge,Whose_LimbBrand
BubbleShow,LocustNote
Sound_BubbleShow,Whose_LocustNote
In,If
BuyFishInTank,LogSpurIfFold
Sound_BuyFishInTank,Whose_LogSpurIfFold
Sound_Coin,Whose_Meat
FishRewardShow,SpurGrooveNote
Sound_FishRewardShow,Whose_SpurGrooveNote
FishShopShow,SpurPoemNote
Sound_FishShopShow,Whose_SpurPoemNote
GoldCoin,LordMeat
Sound_GoldCoin,Whose_LordMeat
Sound_LevelComplete,Whose_ExtolEmphasis
LevelUp,ExtolIf
Sound_LevelUp,Whose_ExtolIf
Arm,Kea
Bandit,Barrel
OneArmBandit,FurKeaBarrel
Sound_OneArmBandit,Whose_FurKeaBarrel
OpenStarBox,DumpRakeSum
Sound_OpenStarBox,Whose_DumpRakeSum
PopShow,SixNote
Sound_PopShow,Whose_SixNote
ReviveShow,CementNote
Sound_ReviveShow,Whose_CementNote
TileFishBGM,WordSpurBGM
Sound_TileFishBGM,Whose_WordSpurBGM
Sound_Transitions,Whose_Concentrate
UIButton,UIUntold
Sound_UIButton,Whose_UIUntold
Sound_UnlockFish,Whose_CementSpur
,
FlyObj,WhoSum
TileEditItem,WordSpitClan
BalancePanel,DwindleRider
BankPanel,BossRider
FishShellPanel,SpurRumorRider
Settingpanel,Proboscidean
HomeSettingpanel,PreyProboscidean
Panelnew,Chemurgy
RewardPanelnew,GrooveChemurgy

